"(PDH-CSV 4.0) (Asia/Singapore)(-480)","\\srv01\memory\available mbytes",
"2026-6-25 1:38:55.797","914",
"2026-6-25 1:38:56.797","916",
"2026-6-25 1:38:57.807","914",
"2026-6-25 1:38:58.807","915",
"2026-6-25 1:38:59.806","915",
"2026-6-25 1:39:0.812","915",
"2026-6-25 1:39:1.811","916",
"2026-6-25 1:39:2.824","916",
"2026-6-25 1:39:3.838","917",
"2026-6-25 1:39:7.006","911",
"2026-6-25 1:39:7.857","908",
"2026-6-25 1:39:8.860","908",
"2026-6-25 1:39:9.863","908",
"2026-6-25 1:39:11.026","908",
"2026-6-25 1:39:12.039","911",
"2026-6-25 1:39:12.869","913",
"2026-6-25 1:39:13.871","910",
"2026-6-25 1:39:14.872","911",
"2026-6-25 1:39:15.872","913",
"2026-6-25 1:39:17.050","911",
"2026-6-25 1:39:17.881","911",
"2026-6-25 1:39:18.885","912",
"2026-6-25 1:39:19.888","911",
"2026-6-25 1:39:20.899","911",
"2026-6-25 1:39:22.906","915",
"2026-6-25 1:39:23.910","913",
"2026-6-25 1:39:24.911","912",
"2026-6-25 1:39:25.915","912",
"2026-6-25 1:39:26.914","913",
"2026-6-25 1:39:27.914","912",
"2026-6-25 1:39:29.171","912",
"2026-6-25 1:39:29.920","912",
"2026-6-25 1:39:30.918","913",
"2026-6-25 1:39:31.926","919",
"2026-6-25 1:39:32.935","918",
"2026-6-25 1:39:33.936","918",
"2026-6-25 1:39:34.939","921",
"2026-6-25 1:39:35.941","919",
"2026-6-25 1:39:36.953","918",
"2026-6-25 1:39:37.964","919",
"2026-6-25 1:39:38.965","919",
"2026-6-25 1:39:39.967","919",
"2026-6-25 1:39:40.972","943",
"2026-6-25 1:39:41.970","940",
"2026-6-25 1:39:42.974","943",
"2026-6-25 1:39:43.975","944",
"2026-6-25 1:39:44.985","942",
"2026-6-25 1:39:45.991","941",
"2026-6-25 1:39:46.990","942",
"2026-6-25 1:39:48.006","942",
"2026-6-25 1:39:49.006","943",
"2026-6-25 1:39:50.008","942",
"2026-6-25 1:39:51.013","943",
"2026-6-25 1:39:52.027","941",
"2026-6-25 1:39:53.026","941",
"2026-6-25 1:39:54.026","941",
"2026-6-25 1:39:55.028","941",
"2026-6-25 1:39:56.028","942",
"2026-6-25 1:39:57.033","942",
"2026-6-25 1:39:58.031","942",
"2026-6-25 1:39:59.032","942",
"2026-6-25 1:40:0.032","942",
"2026-6-25 1:40:1.036","942",
"2026-6-25 1:40:2.039","942",
"2026-6-25 1:40:3.052","942",
"2026-6-25 1:40:4.051","943",
"2026-6-25 1:40:5.055","943",
"2026-6-25 1:40:6.054","944",
"2026-6-25 1:40:7.062","938",
"2026-6-25 1:40:8.063","936",
"2026-6-25 1:40:9.070","937",
"2026-6-25 1:40:10.066","936",
"2026-6-25 1:40:11.067","937",
"2026-6-25 1:40:12.071","937",
"2026-6-25 1:40:13.071","937",
"2026-6-25 1:40:15.098","937",
"2026-6-25 1:40:16.097","938",
"2026-6-25 1:40:17.110","939",
"2026-6-25 1:40:18.108","939",
"2026-6-25 1:40:19.107","940",
"2026-6-25 1:40:21.118","940",
"2026-6-25 1:40:22.129","940",
"2026-6-25 1:40:23.127","941",
"2026-6-25 1:40:24.141","941",
"2026-6-25 1:40:25.139","941",
"2026-6-25 1:40:26.142","941",
"2026-6-25 1:40:27.142","941",
"2026-6-25 1:40:28.143","942",
"2026-6-25 1:40:29.146","942",
"2026-6-25 1:40:30.145","941",
"2026-6-25 1:40:31.147","953",
"2026-6-25 1:40:32.165","953",
"2026-6-25 1:40:33.166","952",
"2026-6-25 1:40:34.167","953",
"2026-6-25 1:40:35.173","953",
"2026-6-25 1:40:36.977","953",
"2026-6-25 1:40:38.183","953",
"2026-6-25 1:40:39.191","954",
"2026-6-25 1:40:40.193","953",
"2026-6-25 1:40:41.194","953",
"2026-6-25 1:40:42.195","953",
"2026-6-25 1:40:43.196","954",
"2026-6-25 1:40:44.196","953",
"2026-6-25 1:40:45.206","953",
"2026-6-25 1:40:46.211","953",
"2026-6-25 1:40:48.214","952",
"2026-6-25 1:40:49.229","952",
"2026-6-25 1:40:50.224","952",
"2026-6-25 1:40:51.227","954",
"2026-6-25 1:40:52.231","952",
"2026-6-25 1:40:53.232","952",
"2026-6-25 1:40:54.243","952",
"2026-6-25 1:40:55.249","953",
"2026-6-25 1:40:56.254","952",
"2026-6-25 1:40:57.258","952",
"2026-6-25 1:40:58.263","952",
"2026-6-25 1:40:59.270","953",
"2026-6-25 1:41:0.270","952",
"2026-6-25 1:41:1.268","954",
"2026-6-25 1:41:2.270","952",
"2026-6-25 1:41:3.273","955",
"2026-6-25 1:41:4.275","953",
"2026-6-25 1:41:5.276","953",
"2026-6-25 1:41:6.277","953",
"2026-6-25 1:41:7.280","954",
"2026-6-25 1:41:8.280","953",
"2026-6-25 1:41:9.291","953",
"2026-6-25 1:41:10.296","953",
"2026-6-25 1:41:11.293","954",
"2026-6-25 1:41:12.295","953",
"2026-6-25 1:41:13.299","953",
"2026-6-25 1:41:14.300","953",
"2026-6-25 1:41:15.826","954",
"2026-6-25 1:41:16.302","953",
"2026-6-25 1:41:17.321","953",
"2026-6-25 1:41:18.323","954",
"2026-6-25 1:41:19.322","954",
"2026-6-25 1:41:20.322","953",
"2026-6-25 1:41:21.386","953",
"2026-6-25 1:41:22.403","959",
"2026-6-25 1:41:23.328","955",
"2026-6-25 1:41:24.326","956",
"2026-6-25 1:41:25.331","956",
"2026-6-25 1:41:26.432","956",
"2026-6-25 1:41:27.483","957",
"2026-6-25 1:41:28.347","956",
"2026-6-25 1:41:29.348","956",
"2026-6-25 1:41:31.043","955",
"2026-6-25 1:41:32.062","957",
"2026-6-25 1:41:32.375","957",
"2026-6-25 1:41:33.381","958",
"2026-6-25 1:41:34.393","958",
"2026-6-25 1:41:35.389","958",
"2026-6-25 1:41:36.391","958",
"2026-6-25 1:41:37.391","958",
"2026-6-25 1:41:38.410","958",
"2026-6-25 1:41:39.413","959",
"2026-6-25 1:41:40.416","959",
"2026-6-25 1:41:41.420","958",
"2026-6-25 1:41:42.421","958",
"2026-6-25 1:41:43.420","959",
"2026-6-25 1:41:44.424","959",
"2026-6-25 1:41:45.426","958",
"2026-6-25 1:41:46.684","958",
"2026-6-25 1:41:47.448","959",
"2026-6-25 1:41:48.447","959",
"2026-6-25 1:41:49.451","959",
"2026-6-25 1:41:50.453","959",
"2026-6-25 1:41:51.455","960",
"2026-6-25 1:41:52.458","959",
"2026-6-25 1:41:53.738","959",
"2026-6-25 1:41:54.486","959",
"2026-6-25 1:41:55.489","960",
"2026-6-25 1:41:56.489","959",
"2026-6-25 1:41:57.492","959",
"2026-6-25 1:41:58.497","959",
"2026-6-25 1:41:59.504","960",
"2026-6-25 1:42:0.508","959",
"2026-6-25 1:42:1.510","959",
"2026-6-25 1:42:2.517","959",
"2026-6-25 1:42:3.519","960",
"2026-6-25 1:42:4.523","959",
"2026-6-25 1:42:5.520","959",
"2026-6-25 1:42:6.523","960",
"2026-6-25 1:42:7.527","961",
"2026-6-25 1:42:8.538","960",
"2026-6-25 1:42:9.538","960",
"2026-6-25 1:42:10.538","960",
"2026-6-25 1:42:11.542","961",
"2026-6-25 1:42:12.545","960",
"2026-6-25 1:42:13.557","960",
"2026-6-25 1:42:14.557","960",
"2026-6-25 1:42:15.567","961",
"2026-6-25 1:42:16.567","968",
"2026-6-25 1:42:17.582","965",
"2026-6-25 1:42:18.583","966",
"2026-6-25 1:42:19.589","966",
"2026-6-25 1:42:20.594","966",
"2026-6-25 1:42:21.595","967",
"2026-6-25 1:42:22.599","966",
"2026-6-25 1:42:23.599","967",
"2026-6-25 1:42:24.598","967",
"2026-6-25 1:42:25.601","967",
"2026-6-25 1:42:27.028","967",
"2026-6-25 1:42:27.604","967",
"2026-6-25 1:42:28.604","967",
"2026-6-25 1:42:29.614","967",
"2026-6-25 1:42:30.608","967",
"2026-6-25 1:42:31.607","970",
"2026-6-25 1:42:32.608","971",
"2026-6-25 1:42:33.624","969",
"2026-6-25 1:42:34.628","970",
"2026-6-25 1:42:35.627","971",
"2026-6-25 1:42:36.645","970",
"2026-6-25 1:42:37.644","970",
"2026-6-25 1:42:38.655","971",
"2026-6-25 1:42:39.665","976",
"2026-6-25 1:42:40.664","981",
"2026-6-25 1:42:41.666","979",
"2026-6-25 1:42:42.667","980",
"2026-6-25 1:42:43.673","980",
"2026-6-25 1:42:44.678","980",
"2026-6-25 1:42:45.677","981",
"2026-6-25 1:42:46.792","981",
"2026-6-25 1:42:47.679","984",
"2026-6-25 1:42:48.680","981",
"2026-6-25 1:42:49.802","981",
"2026-6-25 1:42:50.705","981",
"2026-6-25 1:42:51.719","982",
"2026-6-25 1:42:52.721","982",
"2026-6-25 1:42:53.725","982",
"2026-6-25 1:42:54.733","981",
"2026-6-25 1:42:55.731","982",
"2026-6-25 1:42:56.743","983",
"2026-6-25 1:42:57.745","982",
"2026-6-25 1:42:59.748","983",
"2026-6-25 1:43:0.754","982",
"2026-6-25 1:43:1.766","982",
"2026-6-25 1:43:2.771","983",
"2026-6-25 1:43:3.907","985",
"2026-6-25 1:43:4.770","982",
"2026-6-25 1:43:5.779","982",
"2026-6-25 1:43:6.777","982",
"2026-6-25 1:43:7.778","983",
"2026-6-25 1:43:8.793","943",
"2026-6-25 1:43:9.794","934",
"2026-6-25 1:43:10.795","919",
"2026-6-25 1:43:11.798","919",
"2026-6-25 1:43:12.799","918",
"2026-6-25 1:43:13.803","924",
"2026-6-25 1:43:14.801","917",
"2026-6-25 1:43:15.802","919",
"2026-6-25 1:43:16.803","917",
"2026-6-25 1:43:17.802","920",
"2026-6-25 1:43:19.072","918",
"2026-6-25 1:43:20.085","926",
"2026-6-25 1:43:20.826","915",
"2026-6-25 1:43:21.827","919",
"2026-6-25 1:43:22.837","920",
"2026-6-25 1:43:23.840","921",
"2026-6-25 1:43:25.164","927",
"2026-6-25 1:43:25.847","911",
"2026-6-25 1:43:26.848","917",
"2026-6-25 1:43:27.846","920",
"2026-6-25 1:43:29.215","919",
"2026-6-25 1:43:30.223","926",
"2026-6-25 1:43:30.865","918",
"2026-6-25 1:43:31.877","928",
"2026-6-25 1:43:32.880","925",
"2026-6-25 1:43:34.901","925",
"2026-6-25 1:43:35.906","921",
"2026-6-25 1:43:36.910","924",
"2026-6-25 1:43:37.913","925",
"2026-6-25 1:43:38.913","925",
"2026-6-25 1:43:39.912","925",
"2026-6-25 1:43:40.916","920",
"2026-6-25 1:43:41.914","925",
"2026-6-25 1:43:42.935","934",
"2026-6-25 1:43:43.927","925",
"2026-6-25 1:43:44.941","923",
"2026-6-25 1:43:45.941","920",
"2026-6-25 1:43:46.941","924",
"2026-6-25 1:43:47.971","927",
"2026-6-25 1:43:48.958","920",
"2026-6-25 1:43:49.957","924",
"2026-6-25 1:43:50.958","925",
"2026-6-25 1:43:51.966","918",
"2026-6-25 1:43:52.963","924",
"2026-6-25 1:43:53.964","927",
"2026-6-25 1:43:54.975","923",
