"(PDH-CSV 4.0) (Asia/Singapore)(-480)","\\srv01\processor(_total)\% processor time",
"2026-6-25 1:29:51.489","30.945981979370117",
"2026-6-25 1:29:52.484","27.789966583251953",
"2026-6-25 1:29:53.485","34.39775848388672",
"2026-6-25 1:29:54.485","33.62535858154297",
"2026-6-25 1:29:55.488","30.62383270263672",
"2026-6-25 1:29:56.494","24.742467880249023",
"2026-6-25 1:29:57.496","33.681793212890625",
"2026-6-25 1:29:58.499","35.37398910522461",
"2026-6-25 1:29:59.515","34.61923599243164",
"2026-6-25 1:30:0.533","32.50492858886719",
"2026-6-25 1:30:1.541","24.01620864868164",
"2026-6-25 1:30:2.543","25.172828674316406",
"2026-6-25 1:30:3.551","53.46343231201172",
"2026-6-25 1:30:4.551","31.25257110595703",
"2026-6-25 1:30:5.553","30.659271240234375",
"2026-6-25 1:30:6.554","27.4139404296875",
"2026-6-25 1:30:7.555","34.389434814453125",
"2026-6-25 1:30:8.565","28.862144470214844",
"2026-6-25 1:30:9.568","29.870615005493164",
"2026-6-25 1:30:10.570","30.64148712158203",
"2026-6-25 1:30:11.584","23.698911666870117",
"2026-6-25 1:30:12.585","36.823699951171875",
"2026-6-25 1:30:13.589","40.07042694091797",
"2026-6-25 1:30:14.596","37.13416290283203",
"2026-6-25 1:30:15.598","34.520835876464844",
"2026-6-25 1:30:16.603","22.999065399169922",
"2026-6-25 1:30:17.598","33.26352310180664",
"2026-6-25 1:30:18.612","36.06132888793945",
"2026-6-25 1:30:19.615","40.81943130493164",
"2026-6-25 1:30:20.619","26.855989456176758",
"2026-6-25 1:30:21.618","30.383037567138672",
"2026-6-25 1:30:22.622","31.56148338317871",
"2026-6-25 1:30:23.620","38.112613677978516",
"2026-6-25 1:30:24.627","30.95897674560547",
"2026-6-25 1:30:25.628","20.450740814208984",
"2026-6-25 1:30:26.634","25.451717376708984",
"2026-6-25 1:30:27.633","37.38786697387695",
"2026-6-25 1:30:28.638","34.71213912963867",
"2026-6-25 1:30:29.641","31.479461669921875",
"2026-6-25 1:30:30.641","21.08574867248535",
"2026-6-25 1:30:31.644","33.80601501464844",
"2026-6-25 1:30:32.648","33.048484802246094",
"2026-6-25 1:30:33.664","30.8385066986084",
"2026-6-25 1:30:34.672","34.11317443847656",
"2026-6-25 1:30:35.692","38.70172119140625",
"2026-6-25 1:30:36.691","35.08102035522461",
"2026-6-25 1:30:37.692","32.128273010253906",
"2026-6-25 1:30:38.697","35.4935302734375",
"2026-6-25 1:30:39.696","32.696372985839844",
"2026-6-25 1:30:40.700","26.840200424194336",
"2026-6-25 1:30:42.077","34.76039123535156",
"2026-6-25 1:30:42.718","23.264677047729492",
"2026-6-25 1:30:43.715","41.24452590942383",
"2026-6-25 1:30:44.730","38.42155838012695",
"2026-6-25 1:30:45.727","28.657499313354492",
"2026-6-25 1:30:46.729","31.409507751464844",
"2026-6-25 1:30:47.732","32.997459411621094",
"2026-6-25 1:30:48.735","33.018428802490234",
"2026-6-25 1:30:49.748","32.91148376464844",
"2026-6-25 1:30:50.750","34.49073028564453",
"2026-6-25 1:30:51.756","35.5594596862793",
"2026-6-25 1:30:52.763","34.798702239990234",
"2026-6-25 1:30:53.772","37.28414535522461",
"2026-6-25 1:30:55.787","44.53517150878906",
"2026-6-25 1:30:56.790","20.53260040283203",
"2026-6-25 1:30:57.793","32.99095153808594",
"2026-6-25 1:30:58.789","33.37267303466797",
"2026-6-25 1:30:59.800","37.364498138427734",
"2026-6-25 1:31:0.796","40.43040466308594",
"2026-6-25 1:31:1.798","25.10308074951172",
"2026-6-25 1:31:2.812","41.4665412902832",
"2026-6-25 1:31:3.815","36.87992858886719",
"2026-6-25 1:31:4.814","34.29924774169922",
"2026-6-25 1:31:5.818","36.241050720214844",
"2026-6-25 1:31:6.823","19.868715286254883",
"2026-6-25 1:31:7.818","38.80459976196289",
"2026-6-25 1:31:8.819","32.09729766845703",
"2026-6-25 1:31:9.821","30.566165924072266",
"2026-6-25 1:31:10.824","36.139312744140625",
"2026-6-25 1:31:11.826","26.725740432739258",
"2026-6-25 1:31:12.829","29.0809383392334",
"2026-6-25 1:31:13.835","29.38905906677246",
"2026-6-25 1:31:14.839","32.2891731262207",
"2026-6-25 1:31:15.841","32.91901779174805",
"2026-6-25 1:31:16.849","30.27293586730957",
"2026-6-25 1:31:17.846","23.214275360107422",
"2026-6-25 1:31:18.850","35.39215087890625",
"2026-6-25 1:31:19.849","31.152381896972656",
"2026-6-25 1:31:20.851","33.75115203857422",
"2026-6-25 1:31:21.850","32.78388595581055",
"2026-6-25 1:31:22.863","27.4975643157959",
"2026-6-25 1:31:23.866","41.530277252197266",
"2026-6-25 1:31:24.869","36.13943862915039",
"2026-6-25 1:31:25.875","30.886760711669922",
"2026-6-25 1:31:26.875","24.22882080078125",
"2026-6-25 1:31:27.880","36.29242706298828",
"2026-6-25 1:31:28.876","26.2662296295166",
"2026-6-25 1:31:29.882","32.42536544799805",
"2026-6-25 1:31:30.895","26.75149917602539",
"2026-6-25 1:31:31.901","23.841028213500977",
"2026-6-25 1:31:32.901","32.04811477661133",
"2026-6-25 1:31:33.907","32.4547233581543",
"2026-6-25 1:31:34.920","31.307899475097656",
"2026-6-25 1:31:35.934","29.929096221923828",
"2026-6-25 1:31:36.942","26.371244430541992",
"2026-6-25 1:31:37.942","27.300872802734375",
"2026-6-25 1:31:38.940","44.42030334472656",
"2026-6-25 1:31:39.960","30.307235717773438",
"2026-6-25 1:31:40.959","28.101482391357422",
"2026-6-25 1:31:41.964","33.89125442504883",
"2026-6-25 1:31:42.962","28.787967681884766",
"2026-6-25 1:31:43.966","29.20460319519043",
"2026-6-25 1:31:44.969","35.349952697753906",
"2026-6-25 1:31:45.974","37.000953674316406",
"2026-6-25 1:31:46.973","28.034156799316406",
"2026-6-25 1:31:48.982","29.43280792236328",
"2026-6-25 1:31:49.983","33.64234924316406",
"2026-6-25 1:31:50.987","32.31952667236328",
"2026-6-25 1:31:51.988","31.31499671936035",
"2026-6-25 1:31:52.992","19.043968200683594",
"2026-6-25 1:31:54.006","32.213375091552734",
"2026-6-25 1:31:55.009","43.13535690307617",
"2026-6-25 1:31:57.017","26.750356674194336",
"2026-6-25 1:31:58.018","35.19396209716797",
"2026-6-25 1:31:59.022","30.01191520690918",
"2026-6-25 1:32:0.031","29.494827270507812",
"2026-6-25 1:32:1.027","38.05076599121094",
"2026-6-25 1:32:2.030","22.10772705078125",
"2026-6-25 1:32:3.031","36.779354095458984",
"2026-6-25 1:32:4.043","32.051856994628906",
"2026-6-25 1:32:5.045","38.44614028930664",
"2026-6-25 1:32:6.048","35.31282424926758",
"2026-6-25 1:32:7.047","25.721038818359375",
"2026-6-25 1:32:8.052","36.28627014160156",
"2026-6-25 1:32:9.058","28.53912925720215",
"2026-6-25 1:32:10.100","48.267642974853516",
"2026-6-25 1:32:11.062","31.760087966918945",
"2026-6-25 1:32:12.064","22.80665397644043",
"2026-6-25 1:32:13.062","36.627159118652344",
"2026-6-25 1:32:14.074","31.233230590820312",
"2026-6-25 1:32:15.073","31.227346420288086",
"2026-6-25 1:32:16.076","35.35891342163086",
"2026-6-25 1:32:17.079","26.756134033203125",
"2026-6-25 1:32:18.083","27.6556339263916",
"2026-6-25 1:32:19.079","30.92201042175293",
"2026-6-25 1:32:20.089","42.7701416015625",
"2026-6-25 1:32:21.086","37.333370208740234",
"2026-6-25 1:32:22.085","28.030200958251953",
"2026-6-25 1:32:23.089","38.542327880859375",
"2026-6-25 1:32:24.089","29.70383644104004",
"2026-6-25 1:32:25.100","38.1697883605957",
"2026-6-25 1:32:26.103","44.67983627319336",
"2026-6-25 1:32:27.101","17.805618286132812",
"2026-6-25 1:32:28.101","33.6257209777832",
"2026-6-25 1:32:29.107","37.86847686767578",
"2026-6-25 1:32:30.117","38.861873626708984",
"2026-6-25 1:32:31.125","33.34720993041992",
"2026-6-25 1:32:32.120","30.9421329498291",
"2026-6-25 1:32:33.124","40.822811126708984",
"2026-6-25 1:32:34.126","42.33026885986328",
"2026-6-25 1:32:35.127","43.778621673583984",
"2026-6-25 1:32:36.129","29.067811965942383",
"2026-6-25 1:32:37.130","72.68429565429688",
"2026-6-25 1:32:38.123","22.909770965576172",
"2026-6-25 1:32:39.130","27.867345809936523",
"2026-6-25 1:32:40.137","28.57498550415039",
"2026-6-25 1:32:41.142","30.866302490234375",
"2026-6-25 1:32:42.147","36.23215103149414",
"2026-6-25 1:32:43.152","33.141788482666016",
"2026-6-25 1:32:44.166","32.98185729980469",
"2026-6-25 1:32:45.164","27.957090377807617",
"2026-6-25 1:32:46.164","22.675249099731445",
"2026-6-25 1:32:47.164","28.11530303955078",
"2026-6-25 1:32:48.169","22.254507064819336",
"2026-6-25 1:32:49.174","24.631153106689453",
"2026-6-25 1:32:50.175","20.361732482910156",
"2026-6-25 1:32:51.182","30.9852294921875",
"2026-6-25 1:32:52.190","28.67321014404297",
"2026-6-25 1:32:53.194","26.09966468811035",
"2026-6-25 1:32:54.199","26.15510368347168",
"2026-6-25 1:32:55.196","27.871431350708008",
"2026-6-25 1:32:56.196","23.44107437133789",
"2026-6-25 1:32:57.196","28.941125869750977",
"2026-6-25 1:32:58.198","37.61953353881836",
"2026-6-25 1:32:59.200","23.5965576171875",
"2026-6-25 1:33:0.212","35.12965774536133",
"2026-6-25 1:33:1.247","46.406192779541016",
"2026-6-25 1:33:2.217","35.530548095703125",
"2026-6-25 1:33:3.219","27.504501342773438",
"2026-6-25 1:33:4.233","29.130538940429688",
"2026-6-25 1:33:5.233","23.40584373474121",
"2026-6-25 1:33:6.243","26.523895263671875",
"2026-6-25 1:33:7.244","39.13974380493164",
"2026-6-25 1:33:8.246","26.68807601928711",
"2026-6-25 1:33:9.248","29.088088989257812",
"2026-6-25 1:33:10.250","39.19804763793945",
"2026-6-25 1:33:11.259","38.8018913269043",
"2026-6-25 1:33:12.257","55.38174057006836",
"2026-6-25 1:33:13.261","33.85865783691406",
"2026-6-25 1:33:14.259","35.014888763427734",
"2026-6-25 1:33:15.269","37.328311920166016",
"2026-6-25 1:33:16.269","28.968332290649414",
"2026-6-25 1:33:17.278","29.52027702331543",
"2026-6-25 1:33:18.276","21.725849151611328",
"2026-6-25 1:33:19.277","23.51631736755371",
"2026-6-25 1:33:20.288","28.872697830200195",
"2026-6-25 1:33:21.293","30.036701202392578",
"2026-6-25 1:33:22.304","32.7776985168457",
"2026-6-25 1:33:23.303","35.865234375",
"2026-6-25 1:33:24.307","28.425662994384766",
"2026-6-25 1:33:25.311","29.22650718688965",
"2026-6-25 1:33:26.320","27.950578689575195",
"2026-6-25 1:33:27.326","30.89249610900879",
"2026-6-25 1:33:28.330","36.22083282470703",
"2026-6-25 1:33:29.329","28.050121307373047",
"2026-6-25 1:33:30.331","39.16913604736328",
"2026-6-25 1:33:31.345","29.12461280822754",
"2026-6-25 1:33:32.355","37.32865524291992",
"2026-6-25 1:33:33.354","31.957962036132812",
"2026-6-25 1:33:34.502","52.35941696166992",
"2026-6-25 1:33:35.376","34.78358840942383",
"2026-6-25 1:33:36.380","32.250526428222656",
"2026-6-25 1:33:37.384","30.766454696655273",
"2026-6-25 1:33:38.396","32.09781265258789",
"2026-6-25 1:33:39.657","44.85074234008789",
"2026-6-25 1:33:40.411","31.562894821166992",
"2026-6-25 1:33:41.423","26.68073081970215",
"2026-6-25 1:33:42.424","36.00848388671875",
"2026-6-25 1:33:43.425","50.823768615722656",
"2026-6-25 1:33:44.428","33.7999153137207",
"2026-6-25 1:33:45.433","30.019020080566406",
"2026-6-25 1:33:46.432","31.984203338623047",
"2026-6-25 1:33:47.450","33.222328186035156",
"2026-6-25 1:33:48.449","31.216136932373047",
"2026-6-25 1:33:49.459","29.58251190185547",
"2026-6-25 1:33:50.462","32.98860549926758",
"2026-6-25 1:33:51.464","24.40784454345703",
"2026-6-25 1:33:52.466","34.50832748413086",
"2026-6-25 1:33:53.469","28.3055477142334",
"2026-6-25 1:33:54.471","29.0658016204834",
"2026-6-25 1:33:55.469","27.995868682861328",
"2026-6-25 1:33:56.480","25.80194664001465",
"2026-6-25 1:33:57.486","26.98392677307129",
"2026-6-25 1:34:6.216","33.07136154174805",
"2026-6-25 1:34:7.229","32.91762924194336",
"2026-6-25 1:34:8.225","30.9739990234375",
"2026-6-25 1:34:9.228","31.423643112182617",
"2026-6-25 1:34:10.234","30.90829086303711",
"2026-6-25 1:34:11.236","37.606361389160156",
"2026-6-25 1:34:12.235","28.11054229736328",
"2026-6-25 1:34:13.237","27.452898025512695",
"2026-6-25 1:34:14.239","29.819705963134766",
"2026-6-25 1:34:15.239","32.81842041015625",
"2026-6-25 1:34:16.255","29.243135452270508",
"2026-6-25 1:34:17.252","33.4312744140625",
"2026-6-25 1:34:18.260","24.005754470825195",
"2026-6-25 1:34:19.263","28.372615814208984",
"2026-6-25 1:34:20.272","31.878894805908203",
"2026-6-25 1:34:21.267","28.489315032958984",
"2026-6-25 1:34:22.265","27.204133987426758",
"2026-6-25 1:34:23.266","40.70497131347656",
"2026-6-25 1:34:24.268","30.598621368408203",
"2026-6-25 1:34:25.275","33.29048156738281",
"2026-6-25 1:34:26.288","29.04224967956543",
"2026-6-25 1:34:27.285","31.052270889282227",
"2026-6-25 1:34:28.401","44.68886184692383",
"2026-6-25 1:34:29.297","15.454076766967773",
"2026-6-25 1:34:30.300","37.639854431152344",
"2026-6-25 1:34:31.306","28.586666107177734",
"2026-6-25 1:34:32.313","26.300769805908203",
"2026-6-25 1:34:33.305","34.653926849365234",
"2026-6-25 1:34:34.306","31.321651458740234",
"2026-6-25 1:34:35.324","46.2496337890625",
"2026-6-25 1:34:36.324","28.109485626220703",
"2026-6-25 1:34:37.340","32.345741271972656",
"2026-6-25 1:34:38.343","49.362464904785156",
"2026-6-25 1:34:40.348","39.222660064697266",
"2026-6-25 1:34:41.354","36.358001708984375",
"2026-6-25 1:34:42.364","28.81623077392578",
"2026-6-25 1:34:43.543","33.752899169921875",
"2026-6-25 1:34:44.551","34.84797668457031",
"2026-6-25 1:34:45.372","26.78827667236328",
"2026-6-25 1:34:46.378","32.40431594848633",
"2026-6-25 1:34:47.384","30.148595809936523",
"2026-6-25 1:34:48.394","24.96473503112793",
"2026-6-25 1:34:49.399","30.001081466674805",
"2026-6-25 1:34:50.403","46.290496826171875",
